{
    "rmse": 0.6744328138271976,
    "mae": 0.5340320870044056,
    "r2": 0.2816989976342107
}